lesson	page	czech	english
1	9	a	and
1	9	anglicky	English
1	9	ano	yes
1	9	banka [f]	bank
1	9	být	be
1	9	co	what
1	9	česky	Czech (adv)
1	9	český	Czech (adj)
1	9	číslo [n]	number
1	9	děkovat	thank
1	9	dělat	do
1	9	den [mi]	day
1	9	dialog [mi]	dialogue
1	9	formální	formal
1	9	informace [f]	information
1	9	já	I
1	9	jak	how
1	9	jednou	once
1	9	ještě	even, still, again, yet, more
1	9	jo coll.	yeah
1	9	kdo	who
1	9	kontaktní	contact
1	9	krok [mi]	step
1	9	lekce [f]	lesson
1	9	mít	have
1	9	mluvit	speak, talk
1	9	německy	German
1	9	otázka [f]	question
1	9	poslouchat	listen
1	9	profese [f]	profession
1	9	prosit	ask for
1	9	psát*, píšu	write
1	9	rozumět	understand
1	9	rusky	Russian
1	9	říct*, řeknu pf.	say
1	9	seznamovat se	meet, get to know
1	9	slovní	word
1	9	slovo [n]	word
1	9	ten	that
1	9	těšit (Těší mě.)	please (Nice to meet you.)
1	9	ty	you
1	9	výslovnost [f]	pronunciation
1	9	za	behind, for, on, in
1	9	znamenat	mean
1	10	adjektivum [n]	adjective
1	10	ahoj	hi
1	10	aktivní	active
1	10	animatum [n]	animate noun
1	10	auto [n]	car
1	10	autobus [mi]	bus
1	10	centrum [n]	center
1	10	cvičení [n]	exercise
1	10	často	often
1	10	doktor, doktorka [ma]	doctor
1	10	energický	energetic
1	10	espresso [n]	espresso
1	10	femininum [n]	feminine noun
1	10	film [mi]	movie
1	10	fotografie [f]	photo
1	10	hotel [mi]	hotel
1	10	infocentrum [n]	info center
1	10	inteligentní	smart, intelligent
1	10	jaký	what, what kind, how
1	10	jazyk [mi]	language
1	10	jiný	other, different
1	10	k	to
1	10	kamarád, kamarádka [ma]	friend
1	10	kino [n]	cinema
1	10	komunikovat	communicate
1	10	koncert [mi]	concert
1	10	končit	end
1	10	konference [f]	conference
1	10	kontakt [mi]	contact
1	10	kvalitní	high-quality
1	10	manažer, manažerka [ma]	manager
1	10	maskulinum [n]	masculine noun
1	10	metro [n]	metro
1	10	mítink [mi]	meeting
1	10	model, modelka [ma]	model
1	10	moderní	modern
1	10	na	on, for
1	10	například	for example
1	10	neutrum [n]	neuter noun
1	10	o	about, on
1	10	optimistický	optimistic
1	10	organizovat	organize
1	10	pár [mi]	couple
1	10	písmeno [n]	letter
1	10	plánovat	plan
1	10	podle	according to, based on
1	10	policie [f]	police
1	10	politik, politička [ma]	politician
1	10	pracovat	work
1	10	prezident, prezidentka [ma]	president
1	10	problém [mi]	problem
1	10	profesor, profesorka [ma]	professor
1	10	program [mi]	program
1	10	ptát se	ask
1	10	rádio [n]	radio
1	10	reagovat	respond
1	10	republika [f]	republic
1	10	restaurace [f]	restaurant
1	10	sloveso [n]	verb
1	10	student, studentka [ma]	student
1	10	studovat	study
1	10	supermarket [mi]	supermarket
1	10	škola [f]	school
1	10	taxi, taxík coll. [n]	taxi
1	10	telefonovat	make a phone call
1	10	tramvaj [f]	tram
1	10	typický	typical
1	10	u	at, near, next to
1	10	univerzita [f]	university
1	10	v	in
1	10	verbum [n]	verbum
1	10	vidět	see
1	10	víno [n]	wine
1	10	z	from
1	10	znát	know
1	11	aha	aha
1	11	Amerika [f]	America
1	11	Austrálie [f]	Australia
1	11	čeština [f]	Czech (language)
1	11	druhý	second
1	11	hezky	nice
1	11	když	when
1	11	někdo	someone
1	11	odkud	from where
1	11	říkat	say
1	11	s	with
1	11	tady	here
1	11	taky	too, also
1	11	zajímavý	interesting
1	12	asi	about, perhaps
1	12	au	ouch
1	12	Bulharsko [n]	Bulgaria
1	12	čau	hi
1	12	dík coll., díky coll.	thanks
1	12	jeho	his
1	12	kontrolovat	check
1	12	nebo	or
1	12	nic	nothing
1	12	pak	then
1	12	podívat se pf.	take a look
1	12	podobný	similar
1	12	prominout*, prominu pf.	excuse
1	12	představovat	present
1	12	text [mi]	text
1	12	tvořit	form
1	13	čas [mi]	time
1	13	forma [f]	form
1	13	jíst, jím	eat
1	13	negativní	negative
1	13	obrázek dimin. [mi]	picture
1	13	on	he
1	13	osobní	personal
1	13	personální	personnel, HR
1	13	používat	use
1	13	pozor [mi]	caution, attention
1	13	přečíst*, přečtu pf.	read
1	13	sem	here
1	13	spát, spím	sleep
1	13	stát*, stojí	1. cost 2. stand
1	13	také	also
1	14	ale	but
1	14	číst*, čtu	read
1	14	člověk [ma]	man, person
1	14	dobře	well
1	14	jeden	one
1	14	lékař, lékařka [ma]	doctor
1	14	mužský	masculine
1	14	náhoda [f]	coincidence
1	14	Německo [n]	Germany
1	14	no	well
1	14	nový	new
1	14	pan [ma]	Mr., sir
1	14	paní [f]	Mrs., lady
1	14	Polsko [n]	Poland
1	14	představit pf.	present
1	14	slavný	famous
1	14	slečna [f]	Miss
1	14	sportovec, sportovkyně [ma]	athlete
1	14	špatně	wrong, bad
1	14	takže	so
1	14	tento	this
1	14	tykat	use informal way to address
1	14	určitě	definitely
1	14	úředník, úřednice [ma]	officer
1	14	vědět, vím	know
1	14	výraz [mi]	expression
1	14	že	that
1	14	ženský	feminine
1	15	cena [f]	price
1	15	česat* se, češu se	comb hair
1	15	čtyři	four
1	15	deset	ten
1	15	devět	nine
1	15	dlouhý	long
1	15	dva	two
1	15	e-mail [mi]	email
1	15	mobil [mi]	mobile phone
1	15	nula [f]	zero
1	15	osm	eight
1	15	pamatovat si	remember
1	15	pět	five
1	15	plus [mi]	plus
1	15	Praha [f]	Prague
1	15	sedm	seven
1	15	šest	six
1	15	telefon [mi]	phone
1	15	telefonní	phone
1	15	tři	three
1	15	vízum [n]	visa
2	17	blízko	close
2	17	Čech, Češka [ma]	Czech (person)
2	17	daleko	far away
2	17	dědeček, děda coll. [ma]	grandfather, grandpa
2	17	divadlo [n]	theatre
2	17	dole	at the bottom
2	17	doprava	to the right
2	17	hledat	search
2	17	jet*, jedu	go (by vehicle)
2	17	jít*, jdu	go
2	17	letiště [n]	airport
2	17	lokalita [f]	location
2	17	mapa [f]	map
2	17	město [n]	city
2	17	minuta [f]	minute
2	17	místo [n]	place
2	17	muset	must
2	17	nádraží [n]	train/bus station
2	17	nahoře	at the top
2	17	náměstí [n]	square
2	17	nějaký	some
2	17	nemocnice [f]	hospital
2	17	obchod [mi]	shop
2	17	od	from
2	17	odtud	from here
2	17	pěšky	on foot
2	17	rovně	straight
2	17	slyšet	hear
2	17	stanice [f]	station
2	17	tam	there
2	17	teď	now
2	17	ukazovat	show
2	17	vlevo	on/to the left
2	17	vpravo	on/to the right
2	17	výlet [mi]	trip
2	17	zastávka [f]	stop
2	18	áčko [n]	A
2	18	doleva	to the left
2	18	dům [mi]	house
2	18	gigolo [ma]	gigolo
2	18	hm	hmm
2	18	jednička [f]	number one
2	18	kancelář [f]	office, agency
2	18	kavárna [f]	café
2	18	kolega, kolegyně [ma]	colleague
2	18	kuře [n]	chicken
2	18	moment [mi]	moment
2	18	muzeum [n]	museum
2	18	pán [ma]	man
2	18	parkoviště [n]	parking lot
2	18	počítač [mi]	computer
2	18	poznat pf.	get to know
2	18	pravda [f]	truth
2	18	průvodce, průvodkyně [ma]	guide
2	18	první	first
2	18	správný	right
2	18	syn [ma]	son
2	18	turista, turistka [ma]	tourist
2	18	už (už ne)	already, only, yet (no more)
2	18	zpátky	back
2	19	dolů	down
2	19	kolo [n]	bike
2	19	metr [mi]	meter
2	19	nahoru	up, to the top
2	19	někde	somewhere
2	19	pohoda (v pohodě) [f]	peace, good time (no problem)
2	19	směr [mi]	direction
2	19	vlak [mi]	train
2	20	cesta [f]	journey, trip, way
2	20	najít*, najdu pf.	find
2	20	odpovědět pf.	answer
2	20	ulice [f]	street
2	20	uprostřed	in the middle
2	21	adresa [f]	address
2	21	Afrika [f]	Africa
2	21	Asie [f]	Asia
2	21	bydlet	live
2	21	diskotéka [f]	disco
2	21	docela	fairly, pretty
2	21	ekologický	ecological
2	21	Evropa [f]	Europe
2	21	fajn coll.	fine
2	21	firma [f]	company
2	21	historický	historic, historical
2	21	hluk [mi]	noise
2	21	hrad [mi]	castle
2	21	chutnat	taste
2	21	jako	as, like
2	21	jmenovat se	be named
2	21	knedlík [mi]	dumpling
2	21	líbit se (Líbí se mi...)	to be liked (I like...)
2	21	mezinárodní	international
2	21	most [mi]	bridge
2	21	můj	my
2	21	někdy	sometimes
2	21	organizace [f]	organization
2	21	park [mi]	park
2	21	pivo [n]	beer
2	21	pražský	Prague
2	21	protože	because
2	21	rád	like
2	21	řeka [f]	river
2	21	sympatický	likeable
2	21	tak	so
2	21	učit	teach
2	21	všechen	all
2	21	vzadu	at the back
2	22	jméno [n]	name
2	22	napsat*, napíšu pf.	write
2	22	naučit se pf.	learn
2	22	poštovní	postal
2	22	pozitivní	positive
2	22	příjmení [n]	last namePSČ, poštovní
2	22	správně	correctly
2	22	USA pl.	USA
2	22	země [f]	1. country 2. floor, ground
2	23	čtrnáct	fourteen
2	23	čtyřicet	forty
2	23	dál, dále (Pojďte dál.)	further (Come in.)
2	23	devadesát	ninety
2	23	devatenáct	nineteen
2	23	do	to, until
2	23	dvacet	twenty
2	23	dvanáct	twelve
2	23	jedenáct	eleven
2	23	kilometr [mi]	kilometer
2	23	který	who, which
2	23	osmdesát	eighty
2	23	osmnáct	eighteen
2	23	patnáct	fifteen
2	23	sedmdesát	seventy
2	23	sedmnáct	seventeen
2	23	set G. pl., sto N. sg.	hundred
2	23	sto [n]	hundred
2	23	tisíc	thousand
2	23	třicet	thirty
2	23	třináct	thirteen
3	25	alkoholický	alcoholic
3	25	americký	American adj.
3	25	bílý	white, plain
3	25	brambor, brambora [mi]	potato
3	25	bramborový	potato
3	25	čaj [mi]	tea
3	25	část [f]	part
3	25	černý	black
3	25	česnekový	garlic
3	25	čokoládový	chocolate
3	25	dezert [mi]	dessert
3	25	dušený	stewed
3	25	džus [mi]	juice
3	25	grilovaný	grilled
3	25	guláš [mi]	goulash
3	25	hlavní	main
3	25	hovězí [n]	beef
3	25	hranolky pl.	French fries
3	25	jídlo [n]	food
3	25	kapr [ma]	carp
3	25	káva [f]	coffee
3	25	klíč [mi]	key
3	25	lístek [mi]	ticket
3	25	losos [ma]	salmon
3	25	maso [n]	meat
3	25	nápoj [mi]	drink
3	25	okurkový	cucumber
3	25	omáčka [f]	sauce
3	25	ovoce [n]	fruit
3	25	palačinka [f]	pancake
3	25	pečený	baked, roast
3	25	perlivý	sparkling
3	25	pít*, piju	drink
3	25	pití [n]	drink
3	25	polévka, polívka coll. [f]	soup
3	25	pomerančový	orange
3	25	pozvání [n]	invitation
3	25	rýže [f]	rice
3	25	salát [mi]	salad
3	25	smažený	fried
3	25	světlý	light
3	25	svíčková [f]	sirloin of beef
3	25	sýr [mi]	cheese
3	25	šlehačka [f]	whipped cream
3	25	vanilkový	vanilla
3	25	vepřový	pork
3	25	voda [f]	water
3	25	zeleninový	vegetable
3	25	zelený	green
3	25	zelí [n]	cabbage
3	25	zmrzlina [f]	ice cream
3	26	červený	red
3	26	jestli	if
3	26	kuchař, kuchařka [ma]	cook
3	26	oběd [mi]	lunch
3	26	partner, partnerka [ma]	partner
3	26	spokojený	satisfied
3	26	vařit	cook
3	26	výborný	excellent
3	26	zvědavý	curious
3	27	dát pf.	give, put
3	27	dát si pf. (Dám si...)	have (I’ll have...)
3	27	dohromady	together
3	27	dvakrát	two times
3	27	gulášový	stew
3	27	chtít*, chci	want
3	27	chuť [f]	taste, appetite
3	27	koruna [f]	crown
3	27	něco	something
3	27	třikrát	three times
3	27	zaplatit pf.	pay
3	27	zvlášť	separately
3	28	čtvrtý	fourth
3	28	objednávat	order
3	28	spropitné [n]	tip
3	28	tvůj	your
3	28	vybrat*, vyberu pf.	choose
3	29	alkohol [mi]	alcohol
3	29	čokoláda [f]	chocolate
3	29	spolužák, spolužačka [ma]	classmate
3	30	babička, babi coll. [f]	grandmother, grandma
3	30	bohužel	unfortunately
3	30	cukr [mi]	sugar
3	30	dort [mi]	cake
3	30	líto (To je mi líto.)	sorry (I am sorry.)
3	30	mléko [n]	milk
3	30	možná	maybe
3	30	nějak	somehow
3	30	odložit si pf.	take off (clothes)
3	30	odskočit si pf.	leave for a moment
3	30	pozdě	late
3	30	pozdravovat	say hello
3	30	pozvat*, pozvu pf.	invitesednout* si, sednu si pf.sit down
3	30	sestra [f]	1. sister 2. nurse
3	30	škoda [f]	pity, shame
3	30	toaleta [f]	toilet
3	30	zkontrolovat pf.	check
3	30	známý	known
3	31	ach	oh
3	31	bratr [ma]	brother
3	31	deprese [f]	depression
3	31	dieta [f]	diet
3	31	dnes, dneska	today
3	31	dovolená [f]	holiday, vacation, leave
3	31	fakt [mi]	fact
3	31	hlad [mi]	hungry
3	31	hodně	a lot
3	31	jen, jenom	only
3	31	kafe coll. [n]	coffee
3	31	možnost [f]	possibility
3	31	nálada [f]	mood
3	31	nápad [mi]	idea
3	31	opravdu	really
3	31	peníze [mi]	money
3	31	rande [n]	date
3	31	rýma [f]	cold
3	31	smůla [f]	bad luck
3	31	strach [mi]	fear
3	31	štěstí [n]	good luck, happiness
3	31	trochu	little
3	31	vůbec	at all
3	31	život [mi]	life
3	32	automechanik [ma]	car mechanic
3	32	byt [mi]	apartment
3	32	dítě [n]	child
3	32	domácnost [f]	household
3	32	fantastický	fantastic
3	32	maminka, máma coll. [f]	mom, mommy
3	32	manžel [ma]	husband
3	32	pes [ma]	dog
3	32	přítel [ma]	friend, boyfriend
3	32	rodina [f]	family
3	32	rok [n]	year
3	32	svobodný	single, not married, free
3	32	švagr [ma]	brother-in-law
3	32	tatínek, táta coll. [ma]	dad, daddy
3	32	ženatý	married (man)
4	34	dcera [f]	daughter
4	34	dívat se	watch
4	34	manželka [f]	wife
4	34	papír [mi]	paper
4	34	podobně	similarly
4	34	příbuzný	related
4	34	přítelkyně [f]	friend, girlfriend
4	34	svůj	one’s own
4	34	věk [mi]	age
4	35	datum [n]	date
4	35	formulář [mi]	form
4	35	let G. pl., rok N. sg.	years
4	35	narození [n]	birth
4	35	povolání [n]	profession
4	35	rodinný	family
4	35	stav [mi]	status
4	35	úřad [mi]	office
4	35	vdova [f]	widow
4	35	vdovec [ma]	widower
4	35	vnuk, vnučka [ma]	grandson, granddaughter
4	35	vyplnit pf.	fill in
4	36	bratranec [ma]	cousin
4	36	namalovat pf.	paint
4	36	neteř [f]	niece
4	36	rodič [ma]	parent
4	36	sestřenice [f]	cousin
4	36	slovník [mi]	dictionary
4	36	snacha [f]	daughter-in-law
4	36	strejda coll. [ma]	uncle
4	36	strýc [ma]	uncle
4	36	synovec [ma]	nephew
4	36	švagrová [f]	sister-in-law
4	36	teta [f]	aunt
4	36	tchán [ma]	father-in-law
4	36	tchyně [f]	mother-in-law
4	36	vztah [mi]	relationship
4	36	zeť [ma]	son-in-law
4	37	bohatý	rich
4	37	cizí	foreign
4	37	drahý	expensive
4	37	elegantní	elegant
4	37	hubený	thin, skinny
4	37	chudý	poor
4	37	každý	each, every
4	37	konec [mi]	end
4	37	levný	cheap
4	37	nervózní	nervous
4	37	ošklivý	ugly
4	37	pasivní	passive
4	37	pesimistický	pessimistic
4	37	škaredý	ugly
4	37	šťastný	happy
4	37	tlustý	thick, fat
4	37	vysoký	high, tall
4	37	zlý	evil
4	38	povídat si	talk, chat
4	38	skupina [f]	band, group
4	38	veselý	cheerful
4	39	cena [f]	price
4	39	dolar [mi]	dollar
4	39	elektronika [f]	electronics
4	39	euro [n]	euro
4	39	padesát	fifty
4	39	sleva [f]	discount
4	39	šedesát	sixty
5	41	až	up to, not until, when
5	41	čtvrt [f]	quarter
5	41	denní	daily
5	41	hodina [f]	hour
5	41	kdy	when
5	41	proč	why
5	41	půl [f]	half
5	41	sejít se, sejdu se pf.	meet
5	41	spěchat	rush
5	41	týden [mi]	week
5	41	učebnice [f]	textbook
5	41	začínat	begin
5	41	zapomenout, zapomenu pf.	forget
5	42	akce[f]	event, action
5	42	aktivita[f]	activity
5	42	dopoledne[n]	(late) morning
5	42	fotbal[mi]	football
5	42	hodit	se suit, be appropriate
5	42	navrhnout*, navrhnu pf.	design
5	42	noc[f]	night
5	42	odpoledne[n]	afternoon
5	42	parta[f]	bunch
5	42	party[f]	party
5	42	poledne[n]	noon
5	42	příští	next
5	42	ráno[n]	morning
5	42	schůze[f]	meeting
5	42	tenis[mi]	tennis
5	42	třeba	for example
5	42	večer[mi]	evening
5	42	zítra	tomorrow
5	43	dlouho	for a long time
5	43	hrát*, hraju	play, act
5	43	hudba[f]	music
5	43	nakupovat	shop
5	43	obědvat	have lunch
5	43	plavat, plavu	swim
5	43	přitom	at the same time, while
5	43	snídat	have breakfast
5	43	tancovat	dance
5	43	uklízet	clean up
5	43	večeře[f]	dinner
5	43	večeřet	have dinner
5	43	víkend[mi]	weekend
5	43	vstávat	get up
5	43	všední	everyday
5	44	brzy	early, soon
5	44	cvičit	exercise, practice
5	44	detektivka [f]	thriller
5	44	jóga [f]	yoga
5	44	karta [f]	card
5	44	nakonec	finally
5	44	nikdy	never
5	44	noviny	newspaper (only pl.)
5	44	obvykle	usually
5	44	opera [f]	opera
5	44	ostatní	other
5	44	pořád	all the time, still
5	44	strašně	terribly, very
5	44	televize [f]	TV
5	44	velmi	very
5	44	většinou	mostly
5	44	volejbal [mi]	volleyball
5	44	zjistit pf.	find out
5	44	zumba [f]	zumba
5	45	aerobic, aerobik [mi]	aerobics
5	45	hlavně	mainly
5	45	internet [mi]	internet
5	45	klidně	no problem, feel free
5	45	naopak	on the contrary
5	45	oba	both
5	45	odpovídat	answer
5	45	potom	then
5	45	proto	therefore
5	45	přednáška [f]	lecture
5	45	román [mi]	novel
5	45	seminář [mi]	seminar
5	45	sova [f]	owl
5	45	společný	common
5	45	spolu	together
5	45	sportovat	play sports
5	45	svatba [f]	wedding
5	45	techno [n]	techno
5	45	teplý	warm
5	45	unavený	tired
5	45	vypadat	look
5	45	žít, žiju	live
5	47	auditor, auditorka	auditor
5	47	autopůjčovna	car rental
5	47	denně	daily
5	47	dokdy	until when
5	47	chodit	go, walk
5	47	krokodýl	crocodile
5	47	měsíc	month
5	47	narozeniny	birthday (only pl.)
5	47	neděle	Sunday
5	47	odkdy	since
5	47	omlouvat	se apologize
5	47	otevřít, otevřu pf.	open
5	47	party	party
5	47	pátek	Friday
5	47	po	after
5	47	pondělí	Monday
5	47	pošta	post office
5	47	přijít, přijdu pf.	come
5	47	rezervace	reservation
5	47	školení	training
5	47	výročí	anniversary
5	47	zavřít, zavřu pf.	close
5	47	zdraví	health
5	47	zvát, zvu	invite
6	49	bolet	hurt
6	49	celý	whole
6	49	dokončit (pf.)	finish
6	49	esemeska (coll.) [f]	sms
6	49	materiál [mi]	material
6	49	minulý	last
6	49	národnost [f]	nationality
6	49	připravovat	prepare
6	49	schůzka [f]	meeting
6	49	test [mi]	test
6	49	volno [n]	time off, free
6	49	výjimečně	exceptionally
6	49	zpráva [f]	news, report
6	49	zrušit (pf.)	cancel
6	49	zub [mi]	tooth
6	50	odpočívat	relax
6	50	včera	yesterday
6	50	zelenina [f]	vegetables
6	51	Anglie [f]	England
6	51	hra [f]	game, play
6	51	chvíle, chvilka [f]	while, moment
6	51	jasně	clearly, sure
6	51	kniha [f]	book
6	51	počasí [n]	weather
6	51	pozice [f]	position
6	51	pracovitý	hardworking
6	51	středa [f]	Wednesday
6	51	vážně	seriously
6	51	venku	outside
6	51	vlastně	actually
6	52	ani (ani .. ani)	neither (neither ... nor ...)
6	52	brát*, beru	get, take
6	52	galerie [f]	gallery
6	52	hospoda [f]	pub
6	52	legrace [f]	fun
6	52	úterý [n]	Tuesday
6	52	volat	call
6	52	zavolat pf.	call
6	53	angína [f]	tonsillitis
6	53	čekat	wait, expect
6	53	domů	home
6	53	hurá	yay, hurray
6	53	normálně	normally
6	53	nutný	necessary
6	53	pětkrát	five times
6	53	právě	exactly
6	53	ztratit pf.	lose
6	53	zvonit	ring
6	54	letadlo [n]	plane
6	54	letět	fly
6	54	moře [n]	sea
6	54	naposled	last time
6	54	plakat*, pláču	cry
6	54	poprvé	for the first time
6	54	předevčírem	day before yesterday
6	54	řídit	drive
6	55	Čechy only pl.	Bohemia
6	55	čočka [f]	1. lens 2. lentils
6	55	dramatik, dramatička [ma]	playwright
6	55	Francie [f]	France
6	55	král, královna [ma]	king, queen
6	55	krátký	short
6	55	medaile [f]	medal
6	55	narodit se pf.	be born
6	55	nevěsta [f]	bride
6	55	odpověď [f]	answer
6	55	olympiáda [f]	olympics
6	55	prodaný	sold
6	55	skladatel, skladatelka [ma]	composer
6	55	slabý	weak
6	55	slovanský	Slavic, Slavonic
6	55	speciální	special
6	55	spisovatel, spisovatelka [ma]	writer
6	55	symfonie [f]	symphony
6	55	štíhlý	slim
6	55	umět	can, know
6	55	umřít*, umřu pf.	die
6	55	vlast [f]	homeland
6	55	vyhrát*, vyhraju pf.	win
6	55	zlatý	gold
7	57	bazén [mi]	swimming pool
7	57	čtvereční	square (meter)
7	57	divný	odd
7	57	družstevní	cooperative
7	57	garáž [f]	garage
7	57	inzerát [mi]	ad
7	57	kout, koutek dimin. [mi]	nook, corner
7	57	kraj [mi]	region
7	57	les [mi]	forest
7	57	luxusní	luxury
7	57	nábytek [mi]	furniture
7	57	nudný	boring
7	57	obyčejný	ordinary
7	57	patro [n]	floor
7	57	pohodlný	comfortable
7	57	pokoj [mi]	room
7	57	prodat pf.	sellpronajmout*, pronajmu rent
7	57	před	before, in front
7	57	rekonstrukce [f]	reconstruction
7	57	sídliště [n]	housing estates
7	57	spojení [n]	connection
7	57	tradiční	traditional
7	57	ubytování [n]	accommodation
7	57	vesnice [f]	village
7	57	vila [f]	villa
7	57	vlastnictví [n]	ownership
7	57	výtah [mi]	liftgarden
7	57	zařízení [n]	1. furnishings 2. device
7	57	zařízený	furnished
7	57	zařizovat	furnish, arrange
7	58	balkón [mi]	balcony
7	58	dětský	children’s
7	58	hypotéka [f]	mortgage
7	58	koupelna [f]	bathroom
7	58	kupovat	buy
7	58	ložnice [f]	bedroom
7	58	milión [mi]	million
7	58	minimálně	minimally, at least
7	58	obývák coll. [mi]	living room
7	58	pěkný	nice
7	58	počkat pf.	wait
7	58	potkat pf.	meet
7	58	potřebovat	need
7	58	prodávat	sell
7	58	předsíň [f]	hall
7	58	přesně	exactly
7	58	půda [f]	1. attic 2. land
7	58	samozřejmě	of course
7	58	sklep [mi]	cellar
7	58	starost [f]	concern
7	58	záchod [mi]	toilet
7	59	barva [f]	color
7	59	dopsat*, dopíšu pf.	finish writing
7	59	gauč [mi]	couch
7	59	hnědý	brown
7	59	koberec [mi]	carpet
7	59	křeslo [n]	chair
7	59	kuchyňská linka	kitchen cupboards
7	59	lampa [f]	lamp
7	59	lednička [f]	refrigeratorkuchyňská linka
7	59	místnost [f]	room
7	59	myčka [f]	dishwasher
7	59	obraz [mi]	picture, painting
7	59	oranžový	orange
7	59	pohovka [f]	sofa
7	59	postel [f]	bed
7	59	růžový	pink
7	59	sedačka coll. [f]	sofa
7	59	skříň [f]	wardrobe
7	59	sporák [mi]	stove
7	59	sprcha [f]	shower
7	59	stůl [mi]	table
7	59	světlemodrý	light blue
7	59	šedý	gray
7	59	tmavomodrý	dark blue
7	59	trouba [f]	oven
7	59	vana [f]	bath
7	59	vpředu	at the front
7	59	zrcadlo [n]	mirror
7	59	židle [f]	chair
7	59	žlutý	yellow
7	60	aspoň	at least
7	60	dvougenerační	two-generation
7	60	nechat pf.	leave
7	60	prázdný	empty
7	60	sehnat*, seženu pf.	get, find
7	60	smět	be allowed, may
7	60	teda	I mean
7	60	viď	right?
7	60	zatím	so far
7	60	zde	here
7	61	červen [mi]	June
7	62	březen [mi]	March
7	62	cestovat	travel
7	62	dvoulůžkový	double
7	62	hora [f]	mountain
7	62	hostel [mi]	hostel
7	62	internetový	internet, web
7	62	jaro [n]	spring
7	62	jednolůžkový	single (room)
7	62	karavan [mi]	caravan
7	62	kemp [mi]	camp site
7	62	léto [n]	summer
7	62	lyžovat	ski
7	62	málo	little
7	62	osoba [f]	person
7	62	platit	pay
7	62	podzim [mi]	autumn
7	62	poslat*, pošlu pf.	send
7	62	přijet*, přijedu pf.	arrive
7	62	příplatek [mi]	surcharge
7	62	rezervovat	book
7	62	rozdíl [mi]	difference
7	62	snídaně [f]	breakfast
7	62	stránka [f]	page, site
7	62	udělat pf.	do
7	62	volný	free
7	62	wifi [f]	wifi
7	62	zdarma	free of charge
7	62	zima [f]	cold, winter
7	63	červenec [mi]	July
7	63	desátý	tenth
7	63	duben [mi]	April
7	63	dvacátý	twentieth
7	63	květen [mi]	May
7	63	leden [mi]	January
7	63	listopad [mi]	November
7	63	pas [mi]	passport
7	63	podpis [mi]	signature
7	63	prosinec [mi]	December
7	63	recepce [f]	reception
7	63	říjen [mi]	October
7	63	sedmý	seventh
7	63	srpen [mi]	August
7	63	termín [mi]	term, date
7	63	třetí	third
7	63	ubytovací	accommodation
7	63	únor [mi]	February
7	63	září [n]	September
8	65	imperfektivní	imperfective
8	65	návštěva [f]	visit
8	65	někam	somewhere
8	65	perfektivní	perfective
8	65	pohyb [mi]	movement
8	65	sám	alone
8	65	sobota [f]	Saturday
8	66	budoucnost [f]	future
8	66	pozítří	day after tomorrow
8	67	ambasáda [f]	embassy
8	67	britský	British
8	67	dostat*, dostanu pf.	get, receive
8	67	kam	where
8	67	lingvistický	linguistic
8	67	miláček [ma]	darling
8	67	moderovat	present, moderate
8	67	ochutnat pf.	taste
8	67	pomoc [f]	help
8	67	ředitel, ředitelka [ma]	director
8	67	slíbit pf.	promise
8	67	snad	perhaps
8	67	specialita [f]	specialty
8	67	zůstat*, zůstanu pf.	stay, remain
8	68	hokej [mi]	hockey
8	68	chata [f]	cottage
8	68	Morava [f]	Moravia
8	68	nákup [mi]	shopping
8	68	použít*, použiju pf.	use
8	68	radost [f]	joy
8	68	výstava [f]	exhibition
8	69	procházka [f]	walk
8	70	dávat	give, put
8	70	egoista [ma]	egoist
8	70	Havaj [f]	Hawaii
8	70	charita [f]	charity
8	70	jachta [f]	yacht
8	70	řidič, řidička [ma]	driver
8	70	squash [mi]	squash
8	70	stejný	samecompletely
8	70	úplně	absolutely, fully, completely
8	71	civilizace [f]	civilization
8	71	doufat	hope
8	71	fotografovat	take pictures
8	71	historie [f]	history
8	71	chytat	catch
8	71	jahodový	strawberry
8	71	jezdit	go (by vehicle)
8	71	jinak	otherwise, differently
8	71	koupat* se, koupu se	bathe
8	71	květina [f]	flower, plant
8	71	lézt*, lezu	climb
8	71	ležet	lie
8	71	mňam	yummy
8	71	navštěvovat	visit
8	71	opalovat se	to suntan
8	71	pláž [f]	beach
8	71	příroda [f]	nature
8	71	ryba [f]	fish
8	71	skála [f]	rock
8	71	strom [mi]	tree
8	71	tenhle	this
8	71	vlastní	own
8	71	zámek [mi]	1. lock 2. palace
8	71	zvíře [n]	animal
9	73	břicho [n]	belly, stomach
9	73	hlava [f]	head
9	73	koleno [n]	knee
9	73	krk [mi]	neck
9	73	lékárna [f]	pharmacy
9	73	lidský	human
9	73	noha [f]	foot
9	73	nos [mi]	nose
9	73	oko [n]	eye
9	73	písnička dimin. [f]	song
9	73	prst [mi]	finger
9	73	pusa [f]	mouth, kiss
9	73	rameno [n]	shoulder
9	73	ruka [f]	hand, arm
9	73	tělo [n]	body
9	73	ucho [n]	ear
9	73	ústa only pl.	mouth
9	73	vlas [mi]	hair
9	73	záda only pl.	back
9	74	blond, blonďatý	blond
9	74	brýle only pl.	glasses
9	74	čtvrtek [mi]	Thursday
9	74	dost	enough, pretty
9	74	hippie [ma]	hippie
9	74	knír [mi]	mustache
9	74	kostel [mi]	church
9	74	kudrnatý	curly
9	74	kurs [mi]	course
9	74	modrý	blue
9	74	oblíbený	favorite
9	74	postava [f]	figure
9	74	skoro	almost
9	74	tmavý	dark
9	75	hned	now
9	75	kartička dimin. [f]	card
9	75	nedávno	recently
9	75	objednat pf.	order
9	75	pacient, pacientka [ma]	patient
9	75	pojištění [n]	insurance
9	75	teplota [f]	temperature
9	75	viróza [f]	flu
9	75	vitamín [mi]	vitamin
9	75	zdravotní sestra	nurse
9	76	alergie [f]	allergy
9	76	cukrovka [f]	diabetes
9	76	diabetes [mi]	diabetes
9	76	horečka [f]	fever
9	76	chřipka [f]	flu
9	76	kašel [mi]	cough
9	76	lék [mi]	medicine
9	76	migréna [f]	migraine
9	76	průjem [mi]	diarrhea
9	76	pyl [mi]	pollen
9	76	zlomený	broken
9	77	antibiotikum [n]	antibiotic
9	77	apendicitida [f]	appendicitis
9	77	bronchitida [f]	bronchitis
9	77	kontrola [f]	check
9	77	lehnout* si, lehnu si pf.	lie down
9	77	pořádek [mi]	order
9	77	recept	1. recipe 2. prescription
9	77	sanitka [f]	ambulance
9	77	slavit	celebrate
9	77	svléknout se, svléknu se pf.	take off one’s clothes, undress
9	77	takový	such
9	77	těžký	heavy, hard, bad
9	77	Vánoce only pl.	Christmas
9	77	ven	out
9	77	zvýšený	increased, higher
9	78	akutní	urgent
9	78	alergologie [f]	allergology
9	78	bavit	be fun
9	78	dorost [mi]	youth
9	78	dospělý	adult
9	78	chirurgie [f]	surgery
9	78	literatura [f]	literature
9	78	neurologie [f]	neurology
9	78	objednaný	have an appointment
9	78	objekt [mi]	object
9	78	očař coll., očařka coll. [ma]	eye doctor
9	78	oční	eye
9	78	operace [f]	operation
9	78	operovat	operate
9	78	ordinace [f]	doctor‘s office
9	78	plánovaný	planned
9	78	pohotovost [f]	emergency room
9	78	poliklinika [f]	clinic
9	78	pouze	only
9	78	praktický	practical
9	78	předmět [mi]	subject
9	78	případ [mi]	case
9	78	střed [mi]	center
9	78	zajímat	be interesting
9	78	zubař coll., zubařka	dentist
9	78	zubní	dental
9	79	antidepresivum [n]	antidepressant
9	79	antikoncepce [f]	birth control
9	79	bez	without
9	79	diskrétní	discrete
9	79	hotově	in cash
9	79	jednotlivě	individually
9	79	kapka [f]	drop
9	79	krém [mi]	cream
9	79	léčit	treat
9	79	lékárník, lékárnice [ma]	pharmacist
9	79	náplast [f]	band aid
9	79	návod [mi]	instructions
9	79	nosní kapky	nose drops
9	79	obvaz [mi]	bandage
9	79	opalování [n]	tanning
9	79	přistupovat	approach
9	79	sirup [mi]	syrup
9	79	spaní [n]	sleeping
9	79	tablet [mi]	tablet
9	79	výdej [mi]	pick-up
9	79	zadat pf.	assignzmáčknout*, zmáčknu press
9	79	zóna [f]	zone
10	81	běhat	run
10	81	dálnice [f]	highway
10	81	drogerie [f]	drugstore
10	81	elektřina [f]	electricity
10	81	fungovat	work, function
10	81	kluk [ma]	boy
10	81	kolem	around
10	81	kousek [mi]	piece, bit
10	81	krásně	beautifully
10	81	letenka [f]	airticket
10	81	mezi	between
10	81	nad	above
10	81	naplánovat pf.	plan, schedule
10	81	nedaleko	near
10	81	pod	under
10	81	potravina [f]	food
10	81	přestěhovat se pf.	move
10	81	příjemný	pleasant
10	81	silnice [f]	road
10	81	soused, sousedka [ma]	neighbor
10	81	strašný	terrible
10	81	štěkat	bark
10	81	topení [n]	heating
10	81	vedle	next to
10	81	vzduch [mi]	air
10	81	zažít*, zažiju pf.	experience
10	82	atd.	etc
10	82	kašna [f]	fountain
10	83	cestovní	travel
10	83	cestovní kancelář	travel agency
10	83	festival [mi]	festival
10	83	gratulovat	congratulate
10	83	Island [mi]	Iceland
10	83	maximálně	at the most, no more than
10	83	navíc	in addition
10	83	příště	next time
10	83	rehabilitace [f]	rehabilitation
10	83	rozbít*, rozbiju pf.	break
10	83	rozbít* se, rozbije se pf.	break, it‘ll break
10	83	super	super
10	84	cukrárna [f]	cake shop
10	84	knihovna [f]	bookshelf, library
10	84	podoba [f]	form
10	84	poradit pf.	advise
10	84	slunce [n]	sun
10	84	teplo [n]	warm
10	85	bolest [f]	pain
10	85	elektrárna [f]	power plant
10	85	jogurt [mi]	yoghurt
10	85	knihkupectví [n]	bookstore
10	85	knížka [f]	book
10	85	kopírka [f]	photocopier
10	85	květinářství [n]	florist
10	85	málokdy	rarely
10	85	máslo [n]	butter
10	85	mobilní	mobile
10	85	optika [f]	optician
10	85	papírnictví [n]	stationery shop
10	85	tamhle	over there
10	85	vypnout*, vypnu pf.	turn off
10	86	domluvit se pf.	1. agree, arrange 2. get by
10	86	státní	state
10	86	stihnout*, stihnu pf.	catch, manage
10	86	svátek [mi]	1. (public) holiday 2. name’s day
10	86	vadit	mind
10	86	vzniknout*, vznikne pf.	arise, originate
10	86	zajít* si, zajdu si pf.	go
10	87	chyba [f]	error, mistake
10	87	křižovatka [f]	crossroads
10	87	nastoupit pf.	board
10	87	nastupovat	board, get on
10	87	přestoupit pf.	change
10	87	přestupovat	change (trains)
10	87	vystoupit pf.	1. get off 2. perform
10	87	vystupovat	get out
10	87	vysvětlit pf.	explain
10	87	zahnout*, zahnu pf.	turn
11	89	bruslit	skate
11	89	cestování [n]	travel
11	89	domino [n]	dominoend
11	89	dramatický	dramatic
11	89	foťák coll. [mi]	camera
11	89	fotka coll. [f]	photo
11	89	horko [n]	hot
11	89	jižní	southern
11	89	komplikace [f]	complication
11	89	kufr [mi]	suitcase
11	89	loď [f]	ship
11	89	místní	local
11	89	mořský	marine, sea
11	89	nabíječka [f]	charger
11	89	naštěstí	fortunately
11	89	Neapol [f]	Naples
11	89	nemoc [f]	disease
11	89	oblečení [n]	clothing
11	89	ochutnávat	taste
11	89	ostrov [mi]	island
11	89	památka [f]	monument
11	89	pizza [f]	pizza
11	89	Pompeje [f]	Pompeii
11	89	posílat	send
11	89	potápět se	dive
11	89	pozdrav [mi]	greeting
11	89	při	during
11	89	přiletět pf.	arrive (by plane)
11	89	půjčit pf.	lend
11	89	sáňkovat	sled
11	89	selfie [f]	selfie
11	89	suvenýr [mi]	souvenir
11	89	špagety pl.	spaghetti
11	89	ujet*, ujedu pf.	leave
11	89	uletět pf.	fly away
11	89	vlna [f]	wave, wool
11	89	zavřený	closed
11	90	fitko coll. [n]	fitness center
11	90	hele	look, hey
11	90	létat	fly
11	90	nosit	wear
11	90	užít* si, užiju si pf.	enjoy
11	90	vhodný	suitable
11	91	atmosféra [f]	atmosphere
11	91	batoh [mi]	backpack
11	91	bon [mi]	special voucher
11	91	bývalý	ex
11	91	Dalmácie [f]	Dalmatia
11	91	exotický	exotic
11	91	gril [mi]	grill
11	91	grilovat	grill, broil, barbecue
11	91	hřiště [n]	playground
11	91	chalupa [f]	cottage
11	91	Chorvatsko [n]	Croatia
11	91	ideální	ideal
11	91	Jugoslávie [f]	Yugoslavia
11	91	Krkonoše [f]	The Giant Mountains
11	91	letos	this year
11	91	milovat	love
11	91	milý	nice
11	91	nabídka [f]	offer
11	91	nabízet	offer
11	91	nádherný	splendid
11	91	oblázkový	pebbly
11	91	písečný	sandy
11	91	pobřeží [n]	coast
11	91	pobyt [mi]	stay
11	91	poloha [f]	position
11	91	procestovat pf.	explore, travel through
11	91	projet*, projedu pf.	drive through
11	91	přátelský	friendly
11	91	přes	through
11	91	revoluce [f]	revolution
11	91	stejně	anyway, as well, same
11	91	Šumava [f]	Bohemian Forest
11	91	Thajsko [n]	Thailand
11	91	vloni	last year
11	91	vrátit se pf.	return
11	91	výhodný	advantageous
11	92	častý	frequent
11	92	nástupiště [n]	platform
11	92	odejít*, odejdu pf.	leave
11	92	odjet*, odjedu pf.	leave
11	92	odjezd [mi]	departure
11	92	odletět pf.	fly away
11	92	Paříž [f]	Paris
11	92	přicházet	come
11	92	přijíždět	arrive
11	92	Varšava [f]	Warsaw
11	92	zpáteční	return
11	92	zpoždění [n]	delay
11	93	čekárna [f]	waiting room
11	93	nález [mi]	finding
11	93	nástup [mi]	boarding
11	93	odlet [mi]	departure
11	93	podejít*, podejdu pf.	pass beneath
11	93	podchod [mi]	subway
11	93	pokladna [f]	checkout
11	93	přechod [mi]	crossing
11	93	přejít*, přejdu pf.	go over
11	93	přestup [mi]	transfer
11	93	příjezd [mi]	arrival
11	93	přílet [mi]	arrival
11	93	úschovna [f]	luggage room
11	93	vejít*, vejdu pf.	walk in
11	93	vchod [mi]	entrance
11	93	východ [mi]	exit
11	93	vyjít*, vyjdu pf.	come out
11	93	výstup [mi]	exit
11	93	zavazadlo [n]	luggage
11	93	ztráta [f]	loss
11	93	ztráty a nálezy pl.	lost and found
11	94	bezpečný	safe
11	94	bláto [n]	mud
11	94	kopec [mi]	hill
11	94	legrační	funny
11	94	nikdo	no one
11	94	riskantní	risky
11	94	rychle	fastřidičský průkaz, řidičák driver‘s license
11	94	teprve	only
11	94	umýt*, umyju pf.	wash
11	94	zabít*, zabiju pf.	kill
11	95	baterie [f]	battery
11	95	cizinec, cizinka [ma]	foreigner, stranger
11	95	dokument [mi]	document
11	95	důležitý	important
11	95	kreditní	credit
11	95	nabít*, nabiju pf.	charge
11	95	peněženka [f]	wallet
11	95	rychlík [mi]	express train
11	95	taška [f]	bag
11	95	ukrást*, ukradnu pf.	steal
11	95	věc [f]	thing
11	95	zaspat, zaspím pf.	oversleep
12	97	aby	in order to
12	97	barevný	colored
12	97	beránek [ma]	lamb-shaped cake
12	97	bohoslužba [f]	(church) service
12	97	Boží hod	Christmas Day (25th December)
12	97	cukroví [n]	candy, cookies
12	97	dárek [mi]	gift
12	97	dostávat	get, recieve
12	97	hod	feast
12	97	chlebíček [mi]	sandwich
12	97	jednohubka [f]	canapé
12	97	Ježíšek [ma]	Jesus Child
12	97	kalendář [mi]	calendar
12	97	katolický	Catholic
12	97	koleda [f]	carol
12	97	křesťanský	Christian
12	97	mazanec [mi]	scone
12	97	mrskat	whip
12	97	nedělní	Sunday
12	97	ohňostroj [mi]	fireworks
12	97	oslava [f]	celebration
12	97	pečivo [n]	pastry
12	97	předtím	before
12	97	půlnoc [f]	midnight
12	97	půlnoční	midnight
12	97	rybí	fish
12	97	Silvestr [ma]	New year‘s Eve
12	97	sladký	sweet
12	97	stromeček dimin. [mi]	tree
12	97	symbolizovat	symbolize
12	97	šampaňské [n]	champagne
12	97	štědrý	generous
12	97	Štědrý den	Christmas Day, Dec 24th
12	97	tradičně	traditionally
12	97	vajíčko [n]	egg
12	97	Velikonoce only pl.	Easter
12	97	velikonoční	easter
12	97	věřit	trust, believe
12	97	významný	significant
12	97	začátek [mi]	beginning
12	97	zdobit	decorate
12	97	zpívat	sing
12	98	oslavit pf.	celebrate
12	98	patřit	belong
12	98	pohřeb [mi]	funeral
12	98	přát*, přeju	wishsympathy.)
12	98	tygr [ma]	tiger
12	98	Upřímnou soustrast.	With deepest sympathy.
12	99	blížit se	approach
12	99	hotový	done
12	99	luxovat	vacuum
12	99	mýt*, myju	wash
12	99	nádobí [n]	dishes
12	99	nakoupit pf.	buy, shop
12	99	okno [n]	window
12	99	péct*, peču	bake, roast
12	99	pořádně	properly
12	99	prádlo [n]	laundry
12	99	prach [mi]	dust
12	99	prát*, peru	wash
12	99	seznam [mi]	list
12	99	úklid [mi]	cleaning
12	99	uklidit pf.	clean up
12	99	upéct*, upeču pf.	bake, roast
12	99	utírat	wipe
12	99	utřít*, utřu pf.	wipe
12	99	vánoční	christmas
12	99	vyluxovat pf.	vacuum
12	99	vyprat*, vyperu pf.	wash
12	99	zasloužit si	deserve
12	100	dopis [mi]	letter
12	100	uvařit pf.	cook
12	101	kytka coll. [f]	flower, plant
12	101	malovat	paint
12	101	opravit pf.	correct, fix, repair
12	101	opravovat	fix
12	101	podlaha [f]	floor
12	101	svetr [mi]	sweater
12	101	vymalovat pf.	paint
12	101	vytřít*, vytřu pf.	mop
12	101	zalévat	water
12	101	zalít*, zaliju pf.	water
12	101	zamést*, zametu pf.	sweep
12	102	jablko [n]	apple
12	102	koukat coll.	watch
12	102	krájet	slice, chop
12	102	lít*, liju	pour
12	102	mockrát	many times
12	102	olovo [n]	lead
12	102	pohádka [f]	fairy tale
12	102	rozdat pf.	give out
12	102	řízek [mi]	steak, schnitzel
12	102	snít	dream
12	102	tradice [f]	tradition
12	102	trávit	spend
12	102	vánočka [f]	christmas cake
12	102	vymyslet pf.	invent
12	102	zbytečný	unnecessary
12	103	bábovka [f]	sponge cake
12	103	chléb [mi]	bread
12	103	jarní	spring
12	103	jé	gee, oops, wow
12	103	kosmetika [f]	cosmetics
12	103	manikúra [f]	manicureperfekcionista,
12	103	pořádný	good, thorough
12	103	takhle	this way
12	103	všude	everywhere
12	103	vždyť	but, after all
12	103	začít*, začnu pf.	start
13	105	dnešní	today‘s
13	105	esej [f]	essay
13	105	chovat	breed
13	105	kdyby	ifkouknout se*, kouknu have a look
13	105	místo	instead of
13	105	možný	possible
13	105	obvyklý	usual
13	105	odborně	professionally
13	105	odkládat	postpone
13	105	pocit [mi]	feeling
13	105	prokrastinace [f]	procrastination
13	105	přání [n]	wishes
13	105	přísloví [n]	proverb
13	105	psycholog, psycholožka [ma]	psychologist
13	105	rychlý	quick
13	105	seriál [mi]	series
13	105	spousta [f]	lot
13	105	stěžovat si	complain
13	105	stíhat	catch, manage
13	105	tempo [n]	pace
13	105	tendence [f]	tendency
13	105	tolik	so much
13	105	učení [n]	learning
13	105	vlastnost [f]	property, quality
13	105	vymlouvat se	make excuses
13	105	výmluva [f]	excuse
13	105	zdvořile	politely
13	105	životní	life
13	106	držet	keep
13	106	kouřit	smoke
13	106	přestat*, přestanu pf.	stop
13	106	utrácet	spend
13	106	vůle [f]	will
13	106	vypínat	turn off
13	106	zapínat	turn on
13	106	zapnout*, zapnu pf.	1. turn on 2. zip up
13	106	zdravě	healthy
13	107	hořet	burn
13	107	pršet	rain
13	107	přemýšlet	think
13	107	servis [mi]	service
13	107	zachránit pf.	save
13	108	autorádio [n]	car radio
13	108	mechanik [ma]	mechanic
13	108	motor [mi]	engine
13	108	najednou	suddenly
13	108	nikde	nowhere
13	108	odtáhnout*, odtáhnu pf.	pull away
13	108	opačný	opposite
13	108	oprava [f]	repair
13	108	protestovat	protest
13	108	pryč	away
13	108	přeložit pf.	translate
13	108	příběh [mi]	story
13	108	rozbitý	broken
13	108	smát* se, směju se	laugh
13	108	tma [f]	darkness
13	108	zamilovaný	in love
13	108	zatelefonovat pf.	make a phone call
13	108	žádný	none
13	109	bota [f]	shoe, boot
13	109	konvence [f]	convention
13	109	mlaskat	smack one‘s lips
13	109	mnoho	many
13	109	národ [mi]	nation
13	109	než	than
13	109	nůž [mi]	knife
13	109	oslovovat	address
13	109	pracovní	working
13	109	překvapit pf.	surprise
13	109	přímo	directly
13	109	přinést*, přinesu pf.	bring
13	109	situace [f]	situation
13	109	srkat	sip
13	109	sundat	take off
13	109	šokovat	shock
13	109	včas	in time
13	109	vidlička [f]	forkadress
13	109	zvyk [mi]	habit
13	110	zdvořilý	polite
13	111	egoistický	selfish
13	111	hloupý	stupid
13	111	kvalita [f]	quality
13	111	líný	lazy
13	111	pomáhat	help
13	111	považovat	consider
13	111	protivný	obnoxious
13	111	přísný	strict
13	111	sobecký	selfish
13	111	spolehlivý	reliable
13	111	sprostý	vulgar
13	111	statečný	brave
13	111	stupidní	stupid
13	111	šikovný	handy
13	111	vulgární	vulgar
13	111	zapomínat	forget
13	111	zapomnětlivý	forgetful
13	111	zdravit	greet
14	113	blýskat se	flash, lighten
14	113	bouřka [f]	storm
14	113	chladno	cold
14	113	jasno	clear
14	113	mlha [f]	fog
14	113	mokro [n]	wet
14	113	mrznout*, mrznu	freeze
14	113	slunečno [n]	sunny
14	113	sněžit	snow
14	113	sucho [n]	drought
14	113	vedro [n]	hot
14	113	vítr [mi]	wind
14	113	vzít* se, vezmeme se pf	get married, we‘ll get married
14	113	zatáhnout* se, zatáhne se pf.	get cloudy
14	114	dokonce	even
14	114	foukat	blow
14	114	fronta [f]	queue, front
14	114	hrozný	horrible
14	114	chladný	cold
14	114	klouzat*, kloužu	slide
14	114	lokálně	locally
14	114	místy	in some places
14	114	náledí [n]	ice
14	114	oblačno [n]	cloudy
14	114	očekávat	expect
14	114	polojasno [n]	partly cloudy skies
14	114	postupně	gradually
14	114	pravý	right
14	114	pronikat	penetrateproniknout*, proniknu
14	114	předpověď [f]	forecast
14	114	roční	annual
14	114	sever [mi]	North
14	114	sněžení [n]	snowfall
14	114	studený	cold
14	114	stupeň [mi]	degree
14	114	tropický	tropical
14	114	západ [mi]	West
14	114	západní	western
14	115	cibulový	onion
14	115	hlasitě	loud
14	115	hlasitý	loud
14	115	let [mi]	flight
14	115	levně	cheap
14	115	mladě	young
14	115	ovocný	fruity
14	115	smutně	sadly
14	115	unaveně	tired
14	116	anglický	English
14	116	blízký	close
14	116	cítit	feel
14	116	daleký	far
14	116	draze	dearly, expensive
14	116	francouzský	French
14	116	horký	hot
14	116	pomalu	slowly
14	116	šéf, šéfka [ma]	boss
14	116	tichý	quiet
14	116	tiše	quietly
14	117	dlouhý	long
14	117	dojem [mi]	impression
14	117	holka [f]	girl
14	117	chytrý	smart
14	117	skvěle	great
14	117	superlativ [mi]	superlative
14	117	svět [mi]	world
14	117	zhubnout, zhubnu pf.	lose weight
14	117	ztloustnout, ztloustnu	gain weight
14	118	centimetr [mi]	centimeter
14	118	Česko [n]	Czech Republic
14	118	emocionální	emotional
14	118	fyzika [f]	physics
14	118	hranice [f]	boundary, border
14	118	intuice [f]	intuition
14	118	komunikativní	communicative
14	118	kreativní	creative
14	118	matematika [f]	mathematics
14	118	mnohem	much
14	118	občas	sometimes
14	118	pečlivý	careful
14	118	pomalý	slow
14	118	povaha [f]	nature
14	118	rohlík [mi]	bread roll
14	118	sourozenec [ma]	sibling
14	118	sport [mi]	sport
14	118	systematický	systematic
14	118	talent [mi]	talent
14	118	tým [mi]	team
14	118	území [n]	territory
14	118	zajímavost [f]	interesting fact
14	118	základní	basic, primary
14	118	žertovat	joke
14	119	bunda [f]	jacket
14	119	cíl [mi]	target, aim
14	119	českomoravský	Bohemian-Moravian
14	119	doba [f]	time
14	119	exponát [mi]	exhibit
14	119	expozice [f]	exhibition
14	119	gigantický	gigantic
14	119	jediný	only, single
14	119	konat se	take place
14	119	kuriozita [f]	oddity
14	119	měřit	measure
14	119	miniaturní	miniature
14	119	motorka [f]	motorbike
14	119	návštěvník, návštěvnice [ma]	visitor
14	119	navštívit pf.	visit
14	119	objevit pf.	discover
14	119	obrovský	huge
14	119	obvod [mi]	perimeter
14	119	otvírací	opening
14	119	plast [mi]	plastic
14	119	poslední	last
14	119	prohlídka [f]	tour
14	119	rekord [mi]	record
14	119	ručička dimin. [f]	hand
14	119	rychlost [f]	speed
14	119	senior, seniorka [ma]	senior
14	119	schránka [f]	clipboard
14	119	skupinový	group
14	119	střední	medium, middle
14	119	šála [f]	scarf
14	119	tu	here
14	119	turistický	tourist
14	119	tužka [f]	pencil
14	119	uslyšet pf.	hear
14	119	uvidět pf.	see
14	119	uvnitř	inside
14	119	viset	hang
14	119	vstup [mi]	entrance, entry
14	119	vstupné [n]	admission
14	119	vysočina [f]	highlands
14	119	vystavený	displayed
14	119	zkrátka	in short
15	121	komunikace [f]	communication
15	121	obsadit pf.	occupy
15	121	omyl [mi]	mistake, wrong number
15	121	pevná linka	land line
15	121	profil [mi]	profile
15	121	rušit	disturb
15	121	síť [f]	network
15	121	skončit pf.	end up
15	121	služba [f]	service
15	121	sociální	social
15	121	Škoda [f]	Škoda car
15	121	technika [f]	technique
15	121	vzkaz [mi]	message
15	122	kus [mi]	piece
15	122	myslet	think
15	122	prozvonit	ring
15	122	styl [mi]	style
15	122	vážený	dear
15	123	bankovnictví [n]	banking
15	123	blog [mi]	blog
15	123	blogovat pf.+impf.	blog
15	123	bod [mi]	point
15	123	existovat	exist
15	123	googlit [mi]	google
15	123	googlovat	google
15	123	klikat	click
15	123	kliknout*, kliknu pf.	clickobléknout* se, obléknu get dressed
15	123	počítačový	computer
15	123	politika [f]	politics, policy
15	123	psaní [n]	writing
15	123	sedět	sit
15	123	skypování [n]	skyping
15	123	skypovat	skype
15	123	smazat*, smažu pf.	delete
15	123	snadno	easily
15	123	studium [n]	study
15	123	surfování [n]	surfing
15	123	technologie [f]	technology
15	123	vygooglit pf.	google up
15	123	vygooglovat pf.	google up
15	123	zábava [f]	fun
15	123	zařídit si pf.	get, arrange
15	123	závislý	addicted
15	123	zkusit pf.	try
15	123	živý	live
15	124	aplikace [f]	application
15	124	dveře only pl.	door
15	124	flashka coll., fleška coll. [f]	flashdisc
15	124	ikona [f]	icon
15	124	kopírovat	copy
15	124	laserový	laser
15	124	mazat*, mažu	delete
15	124	monitor [mi]	monitor
15	124	notebook [mi]	laptop
15	124	okopírovat pf.	copy
15	124	otevírat	open
15	124	otvírat	open
15	124	programovat	program
15	124	řádek [mi]	line
15	124	software [mi]	software
15	124	soubor [mi]	file
15	124	stáhnout*, stáhnu pf.	download
15	124	stahovat	download
15	124	tiskárna [f]	printer
15	124	tisknout*, tisknu	print
15	124	ukládat	save
15	124	uložit pf.	save
15	124	vymazat*, vymažu pf.	deletevytisknout*, vytisknu print
15	124	zavírat	close
15	125	bát se, bojím se	be afraid
15	125	čtečka [f]	e-reader
15	125	hodinky only pl.	watch
15	125	hračka [f]	toy
15	125	hrůza [f]	horror
15	125	kadeřník, kadeřnice [ma]	hairdresser
15	125	parfém [mi]	perfume, cologne
15	125	pěkně	nicely
15	125	přece	yet, after all
15	125	přidat pf.	add
15	125	radit	advise
15	125	sluchátko [n]	handset, headphone
15	125	zážitek [mi]	experience
15	126	hrnek [mi]	mug
15	126	omluvit se pf.	apologize
15	126	porozumět pf.	understand
15	126	přehrávač [mi]	player
15	126	vysvětlovat	explain
15	127	demonstrant, demonstrantka	protester
15	127	dodělat pf.	finish
15	127	holič, holička [ma]	barber, hairdresser
15	127	kvůli	because of
15	127	naproti	opposite
15	127	nikam	nowhere
15	127	proti	against
15	127	přesný	exact
15	127	vláda [f]	government
15	127	zkouška [f]	exam
16	129	devatenáctý	nineteenth
16	129	halenka [f]	blouse
16	129	kabát [mi]	coat
16	129	kalhoty only pl.	pants
16	129	klobouk [mi]	hat
16	129	košile [f]	shirt
16	129	kraťasy coll., only pl.	shorts
16	129	kravata [f]	tie
16	129	móda [f]	fashion
16	129	padesátý	fiftieth
16	129	sako [n]	jacket
16	129	sedmdesátý	seventieth
16	129	snášet	tolerate
16	129	století [n]	century
16	129	sukně [f]	skirt
16	129	šortky only pl.	shorts
16	129	top	top
16	129	tričko, triko [n]	t-shirt
16	130	filozofie [f]	philosophy
16	130	jednání [n]	negotiations
16	130	klient, klientka [ma]	client
16	130	kostkovaný	checkered
16	130	mikina [f]	sweatshirt
16	130	oblek [mi]	suit
16	130	pohovor [mi]	interview
16	130	pruhovaný	striped
16	130	secondhand [mi]	secondhand
16	130	sluneční	sun
16	130	teenager [ma]	teenager
16	130	teniska [f]	sneaker
16	130	vyjadřovat	express
16	131	běžný	ordinary
16	131	bloger, blogerka [ma]	blogger
16	131	časopis [mi]	magazine
16	131	Československo [n]	Czechoslovakia
16	131	demokracie [f]	democracy
16	131	diktovat	dictate
16	131	dovážet	import
16	131	džínový	denim
16	131	džíny only pl.	jeans
16	131	emigrovat	emigrate
16	131	farmář, farmářka [ma]	farmer
16	131	fenomén [mi]	phenomenon
16	131	hrubý	coarse
16	131	jednoduchý	simple
16	131	kapitalismus [mi]	capitalism
16	131	komunista, komunistka [ma]	communist
16	131	komunistický	communist
16	131	konečný	final
16	131	kritizovat	criticize
16	131	látka [f]	fabric
16	131	leginy only pl.	leggings
16	131	menšina [f]	minority
16	131	miliarda [f]	billion
16	131	množství [n]	quantity, amount
16	131	módní	fashion
16	131	mustang [ma]	mustang
16	131	návrhář, návrhářka [ma]	designer
16	131	názor [mi]	opinion
16	131	obchodník, obchodnice [ma]	trader
16	131	originální	original
16	131	osmnáctý	eighteenth
16	131	pokud	if
16	131	populární	popular
16	131	proslavit pf.	make famous
16	131	prý	allegedly
16	131	příčina [f]	cause
16	131	rebel, rebelka [ma]	rebel
16	131	socialismus [mi]	socialism
16	131	socialistický	socialist
16	131	sportovní	sport
16	131	stylový	stylish
16	131	symbol [mi]	symbol
16	131	šestnáct	sixteen
16	131	široký	wide
16	131	telenovela [f]	soap opera
16	131	uniforma [f]	uniform
16	131	úzký	narrow
16	131	úžasný	amazing
16	131	varianta [f]	option
16	131	vzpomínat	remember
16	131	zlatokop, zlatokopka [ma]	gold digger
16	131	zvláštní	special
16	131	židovský	Jewish
16	132	emko coll. [n]	(size) M
16	132	nakupování [n]	shopping
16	132	slušet	suit
16	132	velikost [f]	size
16	132	zdát se	seem
16	132	zkoušet	try
16	133	akorát	just right
16	133	arogantní	arrogant
16	133	chybět	be missing
16	133	Plzeň [f]	1. Pilsen 2. Pilsner beer
16	133	slaný	salty
16	134	copak	don‘t (you) …?
16	134	konečně	finally
16	134	zlobit	1. be naughty 2. not work properly
16	135	psychologie [f]	psychology
16	135	režisér, režisérka [ma]	director
16	135	rozmazlený	spoiled
16	135	trénovat	train
17	137	dít* se, děje se	happen
17	137	kolikrát	how many times
17	137	krabice [f]	box
17	137	řemeslník [ma]	craftsman
17	137	stěhování [n]	moving
17	137	stěhovat	move
17	137	zmatek [mi]	confusion
17	138	psací	writing
17	138	stěna [f]	wall
17	139	hodiny only pl.	clock
17	139	komoda [f]	chest of drawers
17	139	stolek [mi]	table
17	139	stolička [f]	stool
17	139	šup	here we go
17	140	elektrikář [ma]	electrician
17	140	hodinový	hourly
17	140	instalatér [ma]	plumber
17	140	instalovat pf.+impf.	install
17	140	malíř, malířka [ma]	painter
17	140	měnit	change
17	140	míra (na míru) [f]	measurement (fitted)
17	140	pneumatika [f]	tire
17	140	stavět	build
17	140	stěhovák [ma]	mover
17	140	světlo [n]	light
17	140	svítit	shine
17	140	šít*, šiju	sew
17	140	švadlena [f]	seamstressleaking
17	140	topenář [ma]	heating engineer
17	140	topit	heat
17	140	truhlář [ma]	carpenter
17	140	umyvadlo [n]	wash basin
17	140	zámečník [ma]	locksmith
17	140	zeď [f]	wall
17	140	zedník [ma]	mason
17	141	čistírna [f]	dry cleaning
17	141	novinka [f]	news
17	141	starat se	take care
17	141	určitý	certain
17	141	změnit pf.	change
17	142	adaptovat pf.+impf.	adapt
17	142	drobný	small
17	142	folkový	folk
17	142	komplikovaný	complicated
17	142	koníček dimin. [ma]	1. horse 2. hobby
17	142	kutil [ma]	handyman
17	142	marketingový	marketing
17	142	natřít*, natřu pf.	paint
17	142	odmítat	refuse
17	142	okolí [n]	around
17	142	pauza [f]	pause
17	142	pojistka [f]	fuse
17	142	posekat pf.	mow
17	142	postavit pf.	build
17	142	potřeba [f]	need
17	142	potřebný	necessary
17	142	prostitut, prostitutka [ma]	prostitute
17	142	přivézt*, přivezu pf.	bring
17	142	pyšný	proud
17	142	rezolutně	resolutely
17	142	rybaření [n]	fishing
17	142	skutečný	real
17	142	tráva [f]	grass
17	142	trvat	take
17	142	účtovat	1. charge 2. keep accounts
17	142	věrný	faithful
17	142	vyměnit pf.	replace
17	142	vyrobit pf.	produce, make
17	142	vzácný	rare
17	142	zájem [mi]	interest
17	142	zkrátit pf.	shortenzvyknout* si, zvyknu si pf.get used
17	142	žádat	ask
17	143	autoservis [mi]	car service
17	143	barvit	dye
17	143	benzín [mi]	petrol
17	143	benzínový	petrol
17	143	fit	fit
17	143	kadeřnictví [n]	hair salon
17	143	lehký	light
17	143	masáž [f]	massage
17	143	nafta [f]	diesel
17	143	namasírovat pf.	massage
17	143	opravna [f]	repair shop
17	143	ostříhat pf.	hair cut
17	143	pedikúra [f]	pedicure
17	143	plno	full
17	143	pracovník, pracovnice [ma]	worker
17	143	předem	in advance
17	143	pumpa [f]	pump
17	143	stříhat	cut
17	143	studio [n]	studio
17	143	účet [mi]	1. bill 2. receipt 3. account
17	143	vyčistit pf.	clean up
17	143	vzít*, vezmu pf.	take, get
18	145	dospívající	teenager
18	145	důchod [mi]	pension
18	145	etapa [f]	phase
18	145	oženit se pf.	marry
18	145	souhlasit	agree
18	145	vdát se pf.	get married
18	145	vdávat se	get married
18	145	vydělávat	earn
18	145	vyučit se	get trained
18	145	zahraničí [n]	abroad
18	145	zaměstnání [n]	employment
18	145	ženit se	get married (man)
18	146	aféra [f]	affair
18	146	bulvární	tabloid
18	146	celebrita [f]	celebrity
18	146	kultura [f]	culture
18	146	pohádat se pf.	quarrelrozejít* se, rozejdu split up
18	146	rozcházet se	split up
18	146	rozvádět se	divorcerozvést* se, rozvedu divorce
18	146	rozvod [mi]	divorce
18	146	samý	same
18	146	seznámit se pf.	meet, get to know
18	146	scházet se	meet
18	146	skandál [mi]	scandal
18	146	vzít* se, vezmeme se pf.	get married, we‘ll get married
18	147	hádka [f]	quarrel, fight
18	147	pochybovat	doubt
18	147	rozchod [mi]	split up
18	147	seznámení [n]	first meeting
18	147	skvělý	great
18	147	zamilovat se pf.	fall in love
18	148	alkoholik, alkoholička [ma]	an alcoholic
18	148	bar [mi]	bar
18	148	detektiv [ma]	detective
18	148	hlas [mi]	voice
18	148	komisař, komisařka [ma]	officer
18	148	kriminální	criminal
18	148	legálně	legally
18	148	mrtvý	dead
18	148	opilý	drunk
18	148	perfektní	perfect
18	148	policejní	police
18	148	revolver [mi]	revolver
18	148	rozčilený	upset
18	148	sebevražda [f]	suicide
18	148	sexy	sexy
18	148	silně	strongly
18	148	slibovat	promise
18	148	spáchat pf.	commit
18	148	tajně	secretly
18	148	tragický	tragic
18	148	účes [mi]	hairstyle
18	148	uklidnit se pf.	calm down
18	148	vracet se	return
18	148	vyčítat	blame
18	148	začátečník, začátečnice [ma]	beginner
18	148	zazvonit pf.	ring
18	149	emigrace [f]	emigration
18	149	Mnichov [mi]	Munich
18	149	podnikat	do business
18	149	politický	political
18	149	překvapení [n]	surprise
18	149	Vídeň [f]	Vienna
18	150	historka	story
18	150	láska [f]	love
18	150	nadšený	enthusiastic
18	151	akademie [f]	academy
18	151	bojovat	fight
18	151	dvojče, dvojčata pl. [n]	twin
18	151	farma [f]	farm
18	151	filmový	movie
18	151	hnízdo [n]	nest
18	151	internátní	boarding
18	151	koncentrační	concentration
18	151	kukaččí	cuckoo
18	151	múzický	musical
18	151	muzikál [mi]	musical
18	151	nacismus [mi]	Nazism
18	151	natočit pf.	shoot
18	151	několik	several
18	151	nominovat pf.	nominate
18	151	okupace [f]	occupation
18	151	originál [mi]	original
18	151	panenka [f]	doll
18	151	plavovláska [f]	blondie
18	151	pokračovat	continue
18	151	přelet [mi]	flight
18	151	role [f]	role
18	151	současnost [f]	present
18	151	střídavě	alternately
18	151	tábor [mi]	camp
18	151	tvorba [f]	work
18	151	umění [n]	art
18	151	úspěch [mi]	success
18	151	úspěšný	successful
18	151	vyrůstat	grow up
18	151	vystudovat pf.	study
18	151	zemřít*, zemřu pf.	die
18	151	životopis [mi]	biography
19	153	porodnice [f]	maternity hospital
19	153	příkaz [mi]	command
19	153	sníst pf.	eat
19	153	trojče, trojčata pl. [n]	triplet
19	153	zákaz [mi]	ban
19	154	podat	pass
19	154	pospíšit si pf.	hurry up
19	154	uzdravit se pf.	get well
19	154	vypít*, vypiju pf.	drinkzaměstnanec,
19	154	zhasnout*, zhasnu pf.	turn off
19	154	zticha	quiet
19	155	dovolení (S dovolením.) [n]	permission (Excuse me.)
19	155	džungle [f]	jungle
19	155	eskalátor [mi]	escalator
19	155	fotografování [n]	photography
19	155	chodník [mi]	sidewalk
19	155	klepat	knock
19	155	kouření [n]	smoking
19	155	křičet	scream
19	155	otočit se pf.	turn around
19	155	parkování [n]	parking
19	155	ples [mi]	ball
19	155	popkorn [mi]	popcorn
19	155	projít*, projdu pf.	walk through
19	155	protější	opposite
19	155	rozčileně	excitedly
19	155	soustředit se pf.	focus
19	155	sůl [f]	salt
19	155	šustit	rustle
19	155	váš	your
19	155	vjezd [mi]	entrance
19	155	zakázat*, zakážu pf.	ban
19	156	citlivě	sensitively
19	156	citlivý	sensitive
19	156	formulovat pf.+impf.	formulate
19	156	chaos [mi]	chaos
19	156	laskavý	kind
19	156	podporovat	support
19	156	pochopit pf.	understandposlechnout*, poslechnu pf.listen
19	156	pozitivně	positively
19	156	poznávat	get to know
19	156	přikazovat	command
19	156	sahat	touch
19	156	senzitivní	sensitive
19	156	schopný	capable
19	156	spíš, spíše	rather, more
19	156	výchova [f]	education
19	156	vychovaný	mannered
19	156	vysoko	high
19	156	zakazovat	ban
19	156	zmatený	confused
19	157	doporučit pf.	recommend
19	157	doporučovat	recommend
19	157	poprosit pf.	ask
19	158	balet [mi]	ballet
19	158	gramatika [f]	grammar
19	158	indický	Indian
19	158	Indie [f]	India
19	158	slovíčko dimin. [n]	word
19	158	soukromý	private
19	158	týdně	weekly
19	159	beruška [f]	ladybug, sweetheart
19	159	blbec coll. [mi]	jerk
19	159	brouček dimin. [ma]	beetle, sweetheart
19	159	debil coll. [ma]	asshole
19	159	hajzl coll. [ma]	bastard
19	159	husa [f]	goose
19	159	idiot coll. [ma]	idiot
19	159	kočička dimin. [f]	kitty
19	159	kotě [n]	kitten
19	159	kráva [f]	cow
19	159	medvídek dimin. [ma]	teddy bear
19	159	mizera coll. [ma]	bastard
19	159	některý	some
19	159	pitomec coll. [ma]	twit
19	159	pusinka dimin. [f]	mouth, kiss, sweetheart
19	159	slepice [f]	hen
19	159	svině [f]	swine
19	159	vůl [ma]	ox
19	159	zlato [n]	gold
20	161	ananas [mi]	pineapple
20	161	banán [mi]	banana
20	161	bufet [mi]	buffet
20	161	decilitr, deci coll. [mi]	deciliter, decidekagram, deka coll., decagram
20	161	druh [mi]	kind
20	161	firemní	corporate
20	161	gram [mi]	gram
20	161	hermelín [mi]	brie cheese
20	161	humrový	lobster
20	161	chameleon [ma]	chameleon
20	161	kilogram, kilo coll. [mi]	kilogram, kilo
20	161	klasický	classic, classical
20	161	kuřecí	chicken
20	161	legenda [f]	legend
20	161	litr [mi]	liter
20	161	obložený	garnished
20	161	okurka [f]	cucumber
20	161	otrávit pf.	poison
20	161	paprika [f]	pepper
20	161	paprikový	pepper
20	161	plátkový	sliced
20	161	prodávaný	sold
20	161	rajče [n]	tomato
20	161	relativně	relatively
20	161	salám [mi]	salami
20	161	šunka [f]	ham
20	161	váha [f]	weight
20	161	vážit	weigh
20	161	veka [f]	baguette
20	162	houskový	bread
20	162	koláč [mi]	cake
20	162	láhev [f]	bottle
20	162	limonáda [f]	lemonade
20	162	tvaroh [mi]	cottage cheese, cream cheese
20	163	cibule [f]	onion
20	163	houska [f]	bun
20	163	jahoda [f]	strawberry
20	163	kelímek [mi]	cup
20	163	lžíce [f]	table spoon
20	163	lžička [f]	tea spoon
20	163	mouka [f]	flour
20	163	olej [mi]	oil
20	163	plechovka [f]	can
20	163	sklenice, sklenička	glass
20	164	čočkový	lentil
20	164	grilovací	grill
20	164	ingredience [f]	ingredients
20	164	koření [n]	spice
20	164	kyselý	sour
20	164	majonéza [f]	mayonnaise
20	164	nakrájet pf.	slice, chop
20	164	nalít*, naliju pf.	pour
20	164	obalit pf.	coat, wrap
20	164	podusit pf.	stew
20	164	pórek [mi]	leek
20	164	rozpuštěný	dissolved
20	164	slanina [f]	bacon
20	164	smažit	fry
20	164	těsto [n]	dough
20	164	tofu [n]	tofu
20	164	zamíchat pf.	stir, shuffle
20	165	abstinent, abstinentka [ma]	abstinent
20	165	obsahovat	contain
20	165	výrobek [mi]	product
20	166	asketa [ma]	an ascetic
20	166	brusinka [f]	cranberry
20	166	či	or
20	166	kafíčko dimin. [n]	coffee
20	166	kousíček dimin. [mi]	dab
20	166	mrkvička dimin. [f]	carrot
20	166	nebíčko dimin. [n]	heaven
20	166	pečeně	roast
20	166	potěšit pf.	please
20	166	snažit se	try
20	166	srdíčko dimin. [n]	heart
20	166	vyrazit pf.	go
20	166	zas, zase	again
20	167	celkově	overall
20	167	cigareta [f]	cigarette
20	167	deník [mi]	journal
20	167	dietní	diet
20	167	dobrodružství [n]	adventure
20	167	drastický	drastic
20	167	efekt [mi]	effect
20	167	hubnutí [n]	weight loss
20	167	kalorie [f]	calory
20	167	nadváha [f]	overweight
20	167	nejen	not only
20	167	obezita [f]	obesity
20	167	obézní	obese
20	167	obyvatel, obyvatelka [ma]	inhabitant
20	167	paradox [mi]	paradox, irony
20	167	plnoštíhlý	plump
20	167	polovina [f]	half
20	167	pomeranč [mi]	orange
20	167	procento [n]	percentage
20	167	průměrný	average
20	167	přípravek [mi]	preparation
20	167	psychický	mental
20	167	radikální	radical
20	167	řešení [n]	solution
20	167	spotřeba [f]	consumption
20	167	statistika [f]	statistics
20	167	takzvaný	so-called
20	167	tloustnout*, tloustnu	bread of life
20	167	trapas [mi]	faux pas
20	167	trvalý	permanent
20	167	třicetiletý	thirty years old
20	167	tučný	1. fatty, greasy 2. bold
20	167	tuk [mi]	fat, grease
20	167	utratit pf.	spend
20	167	vepřoknedlozelo coll. [n]	pork-dumpling-cabbage
20	167	vliv [mi]	influence
20	167	výjimka [f]	exception
20	167	vykouřit pf.	smoke
20	167	zázračný	miraculous
20	167	zažívat	experience
20	167	zkonzumovat pf.	consume
20	167	změna [f]	change
20	167	zůstávat	stay, remain
21	169	had [ma]	snake
21	169	chlupatý	hairy
21	169	králíček dimin. [ma]	bunny
21	169	králík [ma]	rabbit
21	169	kravička dimin. [f]	cow
21	169	křeček [ma]	hamster
21	169	kůň [ma]	horse
21	169	morčátko dimin. [n]	guinea pig
21	169	morče [n]	guinea pig
21	169	opice [f]	monkey
21	169	opička dimin. [f]	monkey
21	169	papoušek [ma]	parrot
21	169	pavouček dimin. [ma]	spider
21	169	pavouk [ma]	spider
21	169	pejsek dimin. [ma]	dog
21	169	prasátko dimin. [n]	pig
21	169	prase [n]	pig
21	169	roztomilý	cute
21	169	rybička dimin. [f]	fish
21	169	zábavný	entertaining
21	169	zoo [f]	zoo
21	169	želva [f]	turtle
21	169	želvička dimin. [f]	turtle
21	170	hlídat	watch
21	170	honit	chase
21	170	kanár [ma]	canary
21	170	kanárský	Canary
21	170	Kréta [f]	Crete
21	170	manželství [n]	marriage
21	170	mávat	wave
21	170	nadšeně	enthusiasticallynapadnout*, napadne get an idea
21	170	nudit	boreodpočinout* si, odpočinu si pf.relax
21	170	pohlídat pf.	watch
21	170	povídka [f]	short story
21	170	stagnovat	stagnate
21	170	ušetřit pf.	save
21	170	zarazit se pf.	be taken aback
21	170	žrát*, žeru	eat (about animals)
21	171	nepořádek [mi]	mess
21	171	nuda [f]	boredom
21	171	pořídit si pf.	buy, get
21	171	smrdět	stink
21	172	biologie [f]	biology
21	172	granule [f]	granules
21	172	jedovatý	poisonous
21	172	mazlíček [ma]	pet
21	172	panelák [mi]	prefab house
21	172	prostor [mi]	space
21	172	provokovat	provoke
21	172	pták [ma]	bird
21	172	sen [mi]	dream
21	172	terárium [n]	terrarium
21	173	dopravní	transport
21	173	důchodce, důchodkyně [ma]	pensioner
21	173	hodnotit	evaluate, rate
21	173	chovatel, chovatelka [ma]	breeder
21	173	nacházet se	be located
21	173	odkázat*, odkážu pf.	bequeath
21	173	otevírací	opening
21	173	povodeň [f]	flood
21	173	rozsáhlý	extensive
21	173	snížený	reduced
21	173	sponzor, sponzorka [ma]	sponsor
21	173	stánek [mi]	stand
21	173	trh [mi]	market
21	173	trojský	Trojan
21	173	vláček dimin. [mi]	(little) train
21	173	webový	web
21	173	zlikvidovat pf.	disposed of
21	173	zničit pf.	destroy
21	173	zoologický	zoological
21	174	adoptovat pf.+impf.	adopt
21	174	africký	African
21	174	areál [mi]	campus
21	174	atrakce [f]	attraction
21	174	celkem	total of
21	174	celkový	total
21	174	cestovatelský	traveler
21	174	evropský	European
21	174	gaviál [ma]	gavial
21	174	gorila [f]	gorilla
21	174	hodnocení [n]	evaluation
21	174	hroch [ma]	hippo
21	174	indonéský	Indonesian
21	174	konkrétní	specific
21	174	lanovka [f]	cable car
21	174	lev [ma]	lion
21	174	následovat	follow
21	174	panorama [n]	panorama
21	174	pavilon [mi]	pavilion
21	174	planeta [f]	planet
21	174	pověst [f]	reputation, legend
21	174	Převalský [ma]	Prevalski
21	174	publikovat	publish
21	174	ročně	per year
21	174	rozloha [f]	area
21	174	server [mi]	server
21	174	slon [ma]	elephant
21	174	současný	present
21	174	téměř	almost
21	174	údolí [n]	valley
21	174	úspěšně	successfully
21	174	vodní	water
21	174	vstupenka [f]	ticket
21	174	založit pf.	found
21	174	zvířecí	animal
21	175	Aljaška [f]	Alaska
21	175	australský	Australian
21	175	bú	moo
21	175	čtvrtina [f]	quarter
21	175	dokázat*, dokážu pf.	manage, prove
21	175	haf	woof
21	175	kodiak [ma]	kodiak
21	175	kohout [mi]	cock
21	175	kolibřík [ma]	hummingbird
21	175	koza [f]	goat
21	175	kykyryký	coco doodle doo
21	175	lov [mi]	hunting
21	175	Mauricius [mi]	Mauritius
21	175	medúza [f]	jellyfish
21	175	medvěd [ma]	bear
21	175	mlsný	fastidious
21	175	mňau	meow
21	175	porcelán [mi]	porcelain
21	175	prospat pf.	sleep
21	175	safari [n]	safari
21	175	sekunda [f]	second
21	175	spánek [mi]	sleep
21	175	suchozemský	terrestrial
21	175	svišť [ma]	marmot
21	175	špinavý	dirty
21	175	vyjmenovat pf.	name
21	175	zadní	rear
21	175	zimní	winter
22	177	agentura [f]	agency
22	177	během	during
22	177	benefit [mi]	benefit
22	177	částečný	partial, part-time
22	177	čistý plat	net salary
22	177	daň [f]	tax
22	177	hrubý plat	gross salary
22	177	jinde	elsewhere
22	177	lhůta [f]	time limit
22	177	nemocenský	sickness
22	177	normální	normal
22	177	plat [mi]	salary
22	177	plný	full, full-time
22	177	přesčas [mi]	overtime
22	177	rodičovská dovolená	parental leavepart-time job)
22	177	výpověď [f]	noticezaměstnavatel,
22	177	zaplacení [n]	payment
22	177	zkrácený	short, part-time
22	177	zkušební doba	trial period
22	178	adrenalinový	adrenalin
22	178	despoticky	despotic
22	178	dovolit pf.	allow
22	178	důvod [mi]	reason
22	178	externista, externistka [ma]	external worker
22	178	fixa [f]	marker
22	178	hledání [n]	search
22	178	inteligence [f]	intelligence
22	178	konfliktní	conflicting
22	178	korespondovat	correspond
22	178	motivace [f]	motivation
22	178	naděje [f]	hope
22	178	nanic	worth noting
22	178	noční	night
22	178	nutně	necessarily
22	178	oblékání [n]	dress-up
22	178	opravdový	realpovést* se, povede succeed, it‘ll succeed
22	178	praní [n]	washing
22	178	praxe [f]	experience
22	178	rekreace [f]	recreation
22	178	schovávat	hide
22	178	směna [f]	shift
22	178	spolupráce [f]	cooperation
22	178	školka [f]	preschool
22	178	teambuildingový	team building
22	178	vaření [n]	cooking
22	178	využít*, využiju pf.	take advantage
22	178	vzdělání [n]	education
22	178	zkracovat	shorten
22	178	znalost [f]	knowledge
22	179	android [mi]	android
22	179	certifikát [mi]	certificate
22	179	dotovaný	subsidizedDPH, daň z přidané
22	179	dynamický	dynamic
22	179	efektivní	effective
22	179	ekonomický	economic, economical
22	179	finanční	financial
22	179	flexibilita [f]	flexibility
22	179	flexibilní	flexible
22	179	hodnota [f]	value
22	179	chování [n]	manners
22	179	informační	information
22	179	kandidát, kandidátka [ma]	candidate
22	179	kolektiv [mi]	team
22	179	kontaktovat	contact
22	179	legislativa [f]	legislation
22	179	lektor, lektorka [ma]	instructor
22	179	logický	logical
22	179	metodický	methodology
22	179	motivační dopis	letter of application
22	179	myšlení [n]	thinking
22	179	občasný	occasional
22	179	oblast [f]	area
22	179	obor [mi]	field
22	179	ohodnocení [n]	valuation
22	179	ochota [f]	willingness
22	179	pedagogický	pedagogical
22	179	perspektivní	perspective
22	179	platový	salary
22	179	požadovat	request
22	179	probíhat	take place
22	179	profesionální	professionalprogramátor,
22	179	prostředí [n]	environment
22	179	pružný	flexible
22	179	přidaný	added
22	179	rámec [mi]	framework
22	179	realizace [f]	realization, implementation
22	179	samostatnost [f]	autonomy, independence
22	179	součást [f]	part
22	179	stáž [f]	internship
22	179	stravování [n]	catering, food
22	179	středoškolský	secondary (school)
22	179	trpělivost [f]	patience
22	179	účast [f]	participation
22	179	účetnictví [n]	accounting
22	179	unie [f]	union
22	179	úroveň [f]	level
22	179	výhoda [f]	advantage
22	179	vysokoškolský	academic
22	179	výuka [f]	teaching, instruction
22	179	vývoj [mi]	development
22	179	vývojový	developmental
22	179	vzdělávání [n]	education
22	179	zahraniční	foreign
22	179	zaměstnanecký	employment
22	179	zaslat*, zašlu pf.	send
22	179	zodpovědnost [f]	responsibility
22	179	zpracování [n]	processing
22	180	absolvovat	graduate
22	180	analytik, analytička [ma]	analyst
22	180	asistent, asistentka [ma]	assistant
22	180	badminton [mi]	badminton
22	180	fakturant, fakturantka [ma]	biller
22	180	fakulta [f]	faculty
22	180	finance only pl.	finance
22	180	gymnázium [n]	secondary school
22	180	podnikový	corporate
22	180	středoevropský	Central European
22	181	dovolovat	allow
22	181	komentovat pf.+impf.	comment
22	181	monotónní	monotonous
22	181	nízký	low
22	181	občanství [n]	citizenship
22	181	orientace [f]	orientation
22	181	perfektně	perfectlypersonalista,
22	181	posadit se	sit down
22	181	přiznat pf.	admit
22	181	sebekritický	self-critical
22	181	sexuální	sexual
22	181	šátek [mi]	scarf
22	181	trpělivý	patient
22	181	upřímně	honestly
22	181	zrovna	just
22	181	zvládnout*, zvládnu pf.	handle
22	182	tvrdit	claim
22	182	vulgárně	vulgarly
22	182	výborně	great
22	182	zapnutý	switched on
22	182	žvýkačka [f]	gum
22	182	žvýkat	chew
22	183	analýza [f]	analysis
22	183	faktura [f]	invoice
22	183	minule	last timepodepsat* se, podepíšu sign
22	183	přepsat*, přepíšu pf.	write again
22	183	rozhovor [mi]	interview
22	183	splést* se, spletu se pf.	make a mistake
22	183	zboží [n]	goods
23	185	bitva [f]	battle
23	185	bojový	fighting
23	185	církev [f]	church
23	185	císař, císařovna [ma]	emperor
23	185	čelo (v čele) [n]	forhead (in the lead)
23	185	disident, disidentka [ma]	dissident
23	185	divadelní	theatredozvědět se, dozvím learn, find out
23	185	fiktivní	fictional
23	185	filozof, filozofka [ma]	philosopher
23	185	filozofický	philosophical
23	185	finále [n]	finals
23	185	hlasovat	vote
23	185	hrdina, hrdinka [ma]	hero
23	185	hudební	music, musical
23	185	humor [mi]	humor
23	185	husita [ma]	husita
23	185	iniciovat	initiate
23	185	katedrála [f]	cathedral
23	185	komunismus [mi]	communism
23	185	lingvista, lingvistka [ma]	linguist
23	185	málem	almost
23	185	memorovat	memorize
23	185	minulost [f]	past
23	185	osobnost [f]	personality
23	185	pedagog, pedagožka [ma]	educator
23	185	proces [mi]	process
23	185	prohrát*, prohraju pf.	lose
23	185	reforma [f]	reform
23	185	rozdělení [n]	splitrozhodnu se pf.
23	185	římský	Roman
23	185	sametový	velvet
23	185	smysl [mi]	sense
23	185	soutěž [f]	competition
23	185	svatý	holy
23	185	taktika [f]	tactics
23	185	televizní	TV
23	185	titul [mi]	title
23	185	typicky	typically
23	185	vedení [n]	leadership
23	185	vězení [n]	prison
23	185	volit	vote
23	185	však	however
23	185	vůdce, vůdkyně [ma]	leader
23	185	vybírat	select
23	185	vytvořit pf.	create
23	185	zajímavě	interestingly
23	185	získat pf.	get
23	185	zvolit pf.	choose
23	185	živě	live
23	186	díl [mi]	part
23	186	nesmírně	extremely
23	186	skála	rock
23	187	autor, autorka [ma]	author
23	187	baletní	ballet
23	187	básník, básnířka [ma]	poet
23	187	cestovatel, cestovatelka [ma]	traveler“science” about Cimrman
23	187	citát [mi]	quote
23	187	dětství [n]	childhood
23	187	dílo [n]	works
23	187	disk [mi]	disc
23	187	doporučeně	by registered mail
23	187	dvoudílný	two-piece
23	187	génius [ma]	genius
23	187	hláška coll. [f]	quote
23	187	hudebník, hudebnice [ma]	musician
23	187	každopádně	anyway
23	187	kriminalistický	forensic
23	187	loutkový	puppet
23	187	melodie [f]	melody
23	187	neboli	or
23	187	odkaz [mi]	link
23	187	opereta [f]	operetta
23	187	panamský	Panamian
23	187	Paraguay [f]	Paraguay
23	187	plavky only pl.	swimwear
23	187	polský	Polish
23	187	porotce, porotkyně [ma]	juror
23	187	průplav [mi]	canal
23	187	rakouský	Austrian
23	187	reakce [f]	response
23	187	reálný	real
23	187	ruský	Russian
23	187	scénárista, scénáristka [ma]	screenwriter
23	187	sedmihodinový	seven-hour
23	187	skutečnost [f]	fact
23	187	složit pf.	compose
23	187	stejnojmenný	of the same name
23	187	suezský	Suez
23	187	světový	global
23	187	údajně	allegedly
23	187	univerzální	universal
23	187	válka [f]	war
23	187	věda [f]	science
23	187	vymyšlený	fictional
23	187	vynálezce, vynálezkyně [ma]	inventor
23	187	výroba [f]	production
23	187	žárovka [f]	light bulb
23	188	holit se	shave
23	188	kulturní	cultural
23	188	národní	national
23	188	oblékat se	get dressed
23	188	obličej [mi]	face
23	188	přehánět	overdopřevléknout* se, převléknu se pf.change clothes
23	188	sledovat	watch
23	188	superstar [f]	superstar
23	189	architektura [f]	architecture
23	189	báseň [f]	poem
23	189	houba [f]	mushroom
23	189	idyla [f]	idyll
23	189	jazzový	jazz
23	189	jeviště [n]	stage
23	189	klid [mi]	peace
23	189	letní	summer
23	189	nástroj [mi]	instrument
23	189	orchestr [mi]	orchestra
23	189	předplatné [n]	subscription
23	189	představení [n]	performance
23	189	režie [f]	directed by
23	189	režírovat	direct
23	189	sbor [mi]	choir
23	189	scénář [mi]	screenplay
23	189	socha [f]	statue
23	189	sochař, sochařka [ma]	sculptor
23	189	umělec, umělkyně [ma]	artist
23	189	velkoměsto [n]	city
23	189	výtvarné umění	visual arts
23	189	znít	sound
23	189	zvyklý	accustomed
23	190	akademický	academic
23	190	akrobatický	acrobatic
23	190	autokemp [mi]	camp site
23	190	cirkus [mi]	circus
23	190	dechový	brass
23	190	dobrovolný	voluntary
23	190	dovnitř	inside
23	190	historik, historička [ma]	historian
23	190	inspirovaný	inspired
23	190	jazzklub [mi]	jazz club
23	190	kapela [f]	band
23	190	klavírista, klavíristka [ma]	pianist
23	190	komentovaný	commentated
23	190	moravský	Moravian
23	190	podání [n]	presentation
23	190	princezna [f]	princess
23	190	promenádní	promenade
23	190	předprodej [mi]	presale
23	190	přesouvat	move
23	190	přinášet	bring
23	190	rybník [mi]	pond
23	190	řada [f]	1. row 2. series
23	190	sál [mi]	hall
23	190	setkání [n]	meeting
23	190	sraz [mi]	meeting
23	190	tajemství [n]	secret
23	190	tajuplný	mysterious
23	190	trumpeta [f]	trumpet
23	190	ukázka [f]	sample
23	190	večerní	evening
23	190	vernisáž [f]	opening
23	190	věž [f]	tower
23	190	violoncello [n]	cello
23	190	vítěz, vítězka [ma]	winner
23	190	vystavovat	exhibit
23	190	vždy, vždycky	always
23	191	absurdita [f]	absurdity
23	191	báječný	wonderful
23	191	čekání [n]	waiting
23	191	dívka [f]	girl
23	191	dodat pf.	add, give
23	191	dospívání [n]	adolescence
23	191	dosud	yet
23	191	důsledek [mi]	consequence
23	191	ekonomie [f]	economics
23	191	galantní	gallant
23	191	generace [f]	generation
23	191	generalizace [f]	generalization
23	191	hloubka [f]	depth
23	191	hlučný	noisycharakterizovat characterize
23	191	inspirace [f]	inspiration
23	191	jistý	sure
23	191	každodenní	daily
23	191	lehkost [f]	lightness
23	191	mnohý	many
23	191	nápaditý	imaginative
23	191	natož	let alone
23	191	nevýhoda [f]	disadvantage
23	191	odlišný	different
23	191	okamžitě	immediately
23	191	ostýchavý	shy
23	191	otevřenost [f]	openness
23	191	podstatně	substantially
23	191	potíž [f]	trouble
23	191	povinně	compulsory
23	191	pravdivost [f]	truth
23	191	próza [f]	prose
23	191	prozaik, prozaička [ma]	writer
23	191	přijmout*, přijmu pf.	accept
23	191	připadat si	feel
23	191	rovný	equal
23	191	sebevědomí [n]	self esteem
23	191	sex [mi]	sex
23	191	schopnost [f]	ability
23	191	soukromí [n]	privacy
23	191	spontánnost [f]	spontaneity
23	191	srovnání [n]	comparison
23	191	stovka [f]	hundred
23	191	strašlivý	dreadful
23	191	taxikář, taxikářka [ma]	cab driver
23	191	tehdy	at that time
23	191	typ [mi]	type
23	191	účastník, účastnice [ma]	participant
23	191	vrátný, vrátná [ma]	porter
23	191	vražda [f]	murder
23	191	vrstevník [ma]	peer
23	191	výrazný	significant
23	191	záchvat [mi]	attack, seizure
23	191	zájezd [mi]	trip
23	191	zcela	completely
23	191	zfilmovat pf.	make a movie
23	191	zlověstně	ominous
23	191	ztrácet	lose
24	193	budova [f]	building
24	193	geografický	geographic
24	193	granát [mi]	garnet, ruby
24	193	hymna [f]	anthem
24	193	klenot [mi]	gem
24	193	korunovační	coronation
24	193	království [n]	kingdom
24	193	křišťál [mi]	crystal
24	193	lípa [f]	lime tree
24	193	lipový	lime
24	193	orlice [f]	eagle (she)
24	193	parlament [mi]	parliament
24	193	sídlit	reside
24	193	stavba [f]	construction, building
24	193	vlajka [f]	flag
24	193	znak [mi]	symbol
24	194	bankovka [f]	(bank) note
24	194	boj [mi]	fight
24	194	Budvar [mi]	Budweiser
24	194	červenobílý	red and white
24	194	délka [f]	length
24	194	domov [mi]	home
24	194	fašismus [mi]	fascism
24	194	inspirovat pf.+impf.	inspire
24	194	klavírní	piano
24	194	komora [f]	chamber, storage room
24	194	křišťálový	crystal
24	194	list [mi]	leaf
24	194	mince [f]	coin
24	194	misionář, misionářka [ma]	missionary
24	194	mistr [ma]	master
24	194	náboženský	religious
24	194	píseň [f]	song
24	194	pocházet	come from
24	194	poslanecký	deputy
24	194	projednávat	discuss
24	194	příchod [mi]	arrival
24	194	reprezentovat	represent
24	194	samostatný	separate, independent
24	194	senát [mi]	senate
24	194	schvalovat	approve
24	194	sídlo [n]	registered office
24	194	slepý	blind
24	194	Slezsko [n]	Silesia
24	194	slezský	Silesian
24	194	sněmovna [f]	chamber of deputies
24	194	sousedit	neighbor
24	194	svoboda [f]	freedom
24	194	šperk [mi]	jewel
24	194	továrna [f]	factory
24	194	váza [f]	vase
24	194	vítězství [n]	victory
24	194	výkonný	executiveestablishment
24	194	zakladatel, zakladatelka [ma]	founder
24	194	zákon [mi]	law
24	194	zeměpis [mi]	geography
24	194	značka [f]	brand
24	194	zřízení [n]	establishment
24	195	barokní	baroque
24	195	gotický	Gothic
24	195	malebný	picturesque
24	195	sloup [mi]	column
24	195	synagoga [f]	synagogue
24	196	architekt, architektka [ma]	architect
24	196	baroko [n]	baroque
24	196	bizarní	bizarre
24	196	církevní	church
24	196	dekorace [f]	decoration
24	196	divák, divačka [ma]	viewer
24	196	důl [mi]	mine
24	196	funkcionalistický	functionalist
24	196	hřbitov [mi]	cemetery
24	196	kaple [f]	chapel
24	196	kost [f]	bone
24	196	kostnice [f]	ossuary, bone church
24	196	kovárna [f]	forge
24	196	kromě	besides, in addition
24	196	lidový	folk
24	196	mor [mi]	plague
24	196	ochrana [f]	protection
24	196	otáčivý	revolving
24	196	ozdoba [f]	ornament
24	196	radnice [f]	town hall
24	196	renesanční	renaissance
24	196	středověký	medieval
24	196	stříbro [n]	silver
24	196	trojice [f]	trinity
24	196	výhled [mi]	view
24	196	vyzdobit pf.	decorate
24	196	zdobený	decorated
24	198	barák coll. [mi]	house
24	198	dialekt [mi]	dialect
24	198	šalina dial. [f]	tram
24	199	basa [f]	bass
24	199	cimbál [mi]	cimbalom (dulcimer)
24	199	dařit se	do well, be well
24	199	dechovka coll. [f]	brass music, brass band
24	199	dokud	as long as…
24	199	dudy	bagpipes (only pl.)
24	199	folklórní	folklore
24	199	frajárka dial. [f]	girl
24	199	housle [f]	violin
24	199	hroznový	grape
24	199	chmel [mi]	hops
24	199	kroj [mi]	costume
24	199	mládek [ma]	brewer’s assistant
24	199	pěstovat	grow
24	199	pivovar [mi]	brewery
24	199	pivovárek dimin. [mi]	brewery
24	199	půllitr [mi]	pint
24	199	rudý	red
24	199	sklípek dimin. [mi]	(wine) cellar
24	199	sládek [ma]	brewer
24	199	sud [mi]	keg
24	199	vínečko dimin. [n]	wine
24	199	zatímco	while